county_name,aged,blind,disabled,tanf__afdc__under_21,tanf__afdc__21_and_over,other_child,pregnant_women,family_planning,infants_and_children,mchip,mqbq,mqbb,mqbe,bcc,refugees,legal_aliens,illegal_aliens,county_total,chip,month,documented_aliens,undocumented_aliens,chip_extended_coverage,countyname,family_planning_waiver,year,my_date,july_2016_estimate,estimate,pov_percent,births,n_hospitals,n_beds
Alamance,2123,24,4664,8747,2817,59,358,2491,7193,2534,136,718,466,14,NA,143,NA,32487,1626,AUG,NA,NA,NA,NA,NA,2017,2017-08-01,159054,28123,0.17681416374313128,11084,1,238
Alexander,500,4,939,1813,722,36,90,631,1345,501,45,214,138,NA,NA,10,NA,6988,470,AUG,NA,NA,NA,NA,NA,2017,2017-08-01,38284,6240,0.16299237279281162,2215,0,NA
Alleghany,219,1,395,559,213,9,24,181,549,168,19,101,53,NA,NA,2,NA,2493,129,AUG,NA,NA,NA,NA,NA,2017,2017-08-01,11202,2089,0.18648455632922692,592,1,41
Anson,564,10,1337,1851,642,10,77,654,1313,347,26,286,133,NA,NA,5,NA,7255,168,AUG,NA,NA,NA,NA,NA,2017,2017-08-01,25628,5484,0.21398470422974872,1598,1,15
Ashe,623,6,943,1015,444,22,47,433,1057,395,68,253,107,NA,NA,6,NA,5419,354,AUG,NA,NA,NA,NA,NA,2017,2017-08-01,27344,5290,0.19346108835576362,1474,1,76
Avery,364,2,498,617,235,22,22,94,611,250,27,87,50,NA,NA,NA,NA,2879,226,AUG,NA,NA,NA,NA,NA,2017,2017-08-01,18098,2509,0.13863410321582495,902,1,50
Beaufort,944,9,2294,2996,1163,33,108,674,2172,651,57,307,158,4,NA,9,NA,11579,469,AUG,NA,NA,NA,NA,NA,2017,2017-08-01,47610,8215,0.172547784078975,3048,1,142
Bertie,660,10,1329,1304,444,3,44,561,768,261,54,228,87,1,NA,4,NA,5758,169,AUG,NA,NA,NA,NA,NA,2017,2017-08-01,19847,3992,0.2011387111402227,1144,1,6
Bladen,820,10,1773,2396,863,4,72,814,1554,539,45,245,136,2,NA,5,NA,9278,348,AUG,NA,NA,NA,NA,NA,2017,2017-08-01,34667,9549,0.2754492745262065,2233,1,58
Brunswick,1238,24,3194,5956,2555,40,153,2128,4180,1297,90,451,263,9,NA,25,1,21604,904,AUG,NA,NA,NA,NA,NA,2017,2017-08-01,127750,17992,0.14083757338551858,6505,2,174
Buncombe,3316,41,7840,8853,3567,203,464,3831,8980,3558,253,1097,667,31,15,517,6,43239,2594,AUG,NA,NA,NA,NA,NA,2017,2017-08-01,258406,35996,0.13930017104865985,16242,1,730
Burke,1260,19,2886,5152,1924,131,204,1755,3763,1398,114,574,322,1,NA,57,NA,19560,976,AUG,NA,NA,NA,NA,NA,2017,2017-08-01,89814,17135,0.19078317411539403,5448,1,315
Cabarrus,1620,21,4046,8753,3066,33,387,3583,8398,2984,122,578,360,10,2,320,5,34288,2267,AUG,NA,NA,NA,NA,NA,2017,2017-08-01,200663,22324,0.1112512022644932,14680,1,447
Caldwell,1250,14,2804,5357,2026,76,188,2440,3422,1184,125,769,394,5,1,61,1,20117,902,AUG,NA,NA,NA,NA,NA,2017,2017-08-01,82793,14137,0.17075115045957992,5034,1,110
Camden,78,2,185,243,102,2,16,137,227,78,6,27,17,1,NA,4,NA,1125,69,AUG,NA,NA,NA,NA,NA,2017,2017-08-01,10287,1060,0.10304267522115292,565,0,NA
Carteret,787,4,1778,2439,1042,67,114,1791,2123,664,89,295,190,4,NA,10,NA,11397,538,AUG,NA,NA,NA,NA,NA,2017,2017-08-01,69881,8869,0.1269157567865371,3827,1,135
Caswell,533,7,882,1388,555,4,46,509,898,301,35,191,102,3,NA,1,NA,5455,179,AUG,NA,NA,NA,NA,NA,2017,2017-08-01,23689,4888,0.20634049558866985,1289,0,NA
Catawba,1977,30,4206,7415,2688,141,386,2181,7159,2662,139,825,508,13,1,222,4,30557,1894,AUG,NA,NA,NA,NA,NA,2017,2017-08-01,156473,24269,0.15510024093613595,11036,2,613
Chatham,623,5,1112,2030,616,71,81,769,2441,833,56,238,160,NA,NA,63,6,9104,639,AUG,NA,NA,NA,NA,NA,2017,2017-08-01,73286,9185,0.1253308953961193,3943,1,25
Cherokee,600,5,1091,1310,511,28,58,1048,1253,394,47,249,121,2,NA,5,NA,6722,311,AUG,NA,NA,NA,NA,NA,2017,2017-08-01,28591,5247,0.18351928928683853,1389,1,57
Chowan,342,4,642,769,290,3,23,425,611,186,22,86,47,NA,NA,2,1,3453,135,AUG,NA,NA,NA,NA,NA,2017,2017-08-01,14410,3491,0.24226231783483693,945,1,89
Clay,232,4,350,430,186,25,21,188,451,138,13,69,33,1,NA,8,NA,2149,116,AUG,NA,NA,NA,NA,NA,2017,2017-08-01,11320,1731,0.15291519434628975,521,0,NA
Cleveland,1746,20,4550,7672,3205,129,208,2073,4692,1355,130,834,444,2,NA,17,NA,27077,783,AUG,NA,NA,NA,NA,NA,2017,2017-08-01,98244,19866,0.20221082203493343,6749,2,288
Columbus,1498,14,3201,4936,1690,58,147,1343,2770,759,88,404,195,1,NA,7,NA,17111,564,AUG,NA,NA,NA,NA,NA,2017,2017-08-01,57182,12443,0.21760344164247492,3935,1,154
Craven,1191,18,3095,4573,1746,35,177,1578,3754,1144,84,386,181,4,7,592,NA,18565,753,AUG,NA,NA,NA,NA,NA,2017,2017-08-01,103737,15205,0.1465725825886617,9726,1,350
Cumberland,3750,59,13066,23098,9810,520,852,8314,14022,3856,169,877,474,12,3,284,NA,79166,2461,AUG,NA,NA,NA,NA,NA,2017,2017-08-01,329824,55235,0.16746810420102842,35509,2,666
Currituck,150,2,457,684,267,14,28,229,627,221,23,45,44,1,NA,5,NA,2797,153,AUG,NA,NA,NA,NA,NA,2017,2017-08-01,26101,2468,0.09455576414696755,1530,0,NA
Dare,228,1,536,1131,360,9,62,458,1136,554,23,83,66,3,NA,22,NA,4672,419,AUG,NA,NA,NA,NA,NA,2017,2017-08-01,36387,2885,0.07928655838623684,2237,1,21
Davidson,2090,23,4778,8334,3097,46,350,2186,7146,2622,176,913,544,8,NA,69,3,32385,1656,AUG,NA,NA,NA,NA,NA,2017,2017-08-01,166137,26221,0.15782757603664446,10825,2,240
Davie,428,2,867,1830,656,13,67,561,1401,498,41,181,112,NA,NA,7,2,6666,407,AUG,NA,NA,NA,NA,NA,2017,2017-08-01,42211,5735,0.13586505887091044,2401,1,50
Duplin,1067,8,1992,3957,1034,26,121,1133,3799,1069,54,289,152,3,1,91,2,14798,787,AUG,NA,NA,NA,NA,NA,2017,2017-08-01,59597,16106,0.27024850244139803,4755,1,101
Durham,2643,31,8144,13835,4358,132,430,4774,12366,3588,91,609,297,6,53,968,13,52338,2776,AUG,NA,NA,NA,NA,NA,2017,2017-08-01,301520,48907,0.16220151233749006,26845,3,1330
Edgecombe,1476,15,3558,5876,2312,35,122,1618,2988,718,51,470,207,7,NA,4,1,19458,445,AUG,NA,NA,NA,NA,NA,2017,2017-08-01,53502,13750,0.25699973832753914,4041,1,117
Forsyth,3913,90,10974,20220,6605,93,668,5739,18521,5217,244,1288,713,14,17,572,4,74892,3241,AUG,NA,NA,NA,NA,NA,2017,2017-08-01,369144,69253,0.18760429534273887,28382,4,1878
Franklin,866,9,1920,3184,1019,31,140,1436,2740,980,70,324,166,2,NA,35,1,12923,726,AUG,NA,NA,NA,NA,NA,2017,2017-08-01,65445,9967,0.15229582091832836,4245,0,NA
Gaston,3082,40,7749,13049,5139,154,460,3959,8996,2923,200,1254,685,11,1,124,NA,47826,1728,AUG,NA,NA,NA,NA,NA,2017,2017-08-01,215489,35812,0.1661894574665064,15799,1,435
Gates,176,2,357,544,191,NA,16,166,336,133,14,60,22,NA,NA,1,NA,2018,99,AUG,NA,NA,NA,NA,NA,2017,2017-08-01,11891,1391,0.11697922798755361,674,0,NA
Graham,239,1,356,638,203,NA,12,188,392,102,14,68,43,1,NA,NA,NA,2257,108,AUG,NA,NA,NA,NA,NA,2017,2017-08-01,8835,1650,0.1867572156196944,557,0,NA
Granville,747,9,1500,2576,1e3,42,98,1179,2079,797,57,253,136,2,NA,27,1,10503,634,AUG,NA,NA,NA,NA,NA,2017,2017-08-01,59433,9109,0.1532650211162149,3525,1,142
Greene,364,5,778,1237,380,6,52,402,1207,374,11,83,61,NA,NA,2,1,4963,319,AUG,NA,NA,NA,NA,NA,2017,2017-08-01,21421,4646,0.21688996778861863,1367,0,NA
Guilford,5976,85,15342,31176,9949,337,1124,10800,23166,6678,329,1819,982,21,61,2699,4,110548,4516,AUG,NA,NA,NA,NA,NA,2017,2017-08-01,520230,87165,0.1675508909520789,38193,4,1219
Halifax,1812,18,4086,3946,1274,12,149,1237,2595,680,88,533,251,3,1,25,NA,16710,500,AUG,NA,NA,NA,NA,NA,2017,2017-08-01,52160,13782,0.2642254601226994,3640,2,304
Harnett,1479,14,3599,6879,2386,51,287,2370,5579,1665,60,488,288,2,NA,106,NA,25253,1228,AUG,NA,NA,NA,NA,NA,2017,2017-08-01,128783,22461,0.17440966587204834,11425,2,151
Haywood,1100,16,2236,2973,1335,46,159,1411,2380,824,90,374,215,8,NA,41,NA,13208,549,AUG,NA,NA,NA,NA,NA,2017,2017-08-01,61771,9851,0.15947612957536708,3527,1,169
Henderson,1327,3,2627,3539,1177,71,202,689,4606,1576,90,415,205,9,NA,92,NA,16628,1226,AUG,NA,NA,NA,NA,NA,2017,2017-08-01,114385,14559,0.12728067491366876,6692,2,325
Hertford,722,4,1348,1743,678,1,57,644,1103,313,42,203,105,1,NA,7,NA,6971,153,AUG,NA,NA,NA,NA,NA,2017,2017-08-01,24038,5217,0.21703136700224646,1481,1,114
Hoke,644,6,1739,4716,1516,31,101,1346,2512,586,38,208,102,2,NA,15,6,13568,289,AUG,NA,NA,NA,NA,NA,2017,2017-08-01,52214,11545,0.22110928103573754,5908,2,49
Hyde,154,1,188,372,132,NA,2,69,167,48,5,28,21,1,NA,1,NA,1189,38,AUG,NA,NA,NA,NA,NA,2017,2017-08-01,5621,1108,0.19711795054260808,310,0,NA
Iredell,1491,19,3689,6720,2661,112,336,2554,5875,2203,126,619,406,1,NA,139,2,26953,1711,AUG,NA,NA,NA,NA,NA,2017,2017-08-01,173391,22114,0.127538338206712,11266,3,500
Jackson,569,6,1062,2048,830,21,65,553,1404,490,52,195,96,3,NA,12,NA,7406,361,AUG,NA,NA,NA,NA,NA,2017,2017-08-01,42574,8646,0.20308169305209753,2454,1,86
Johnston,2182,32,5113,9700,3435,52,364,4502,9174,3200,185,728,418,4,NA,341,NA,39430,2340,AUG,NA,NA,NA,NA,NA,2017,2017-08-01,189460,26272,0.13866779267391535,14074,1,177
Jones,277,4,453,536,221,4,24,141,388,137,14,75,37,4,NA,5,NA,2320,87,AUG,NA,NA,NA,NA,NA,2017,2017-08-01,10354,2285,0.22068765694417616,614,0,NA
Lee,841,7,1916,3581,1239,38,143,1543,3606,1155,50,295,159,1,NA,110,NA,14684,845,AUG,NA,NA,NA,NA,NA,2017,2017-08-01,59244,10673,0.1801532644655999,4996,1,137
Lenoir,1428,23,3261,4584,1719,25,113,1222,3001,898,95,372,199,2,NA,17,NA,16959,537,AUG,NA,NA,NA,NA,NA,2017,2017-08-01,57587,12614,0.21904249222914893,4136,1,261
Lincoln,904,6,2009,3929,1572,58,143,1522,2699,1026,71,399,224,5,NA,115,NA,14682,694,AUG,NA,NA,NA,NA,NA,2017,2017-08-01,82033,11907,0.14514890349005888,4893,1,101
Macon,545,3,1109,1455,555,13,65,701,1745,522,36,197,107,NA,NA,11,NA,7064,453,AUG,NA,NA,NA,NA,NA,2017,2017-08-01,35047,6183,0.1764202356835107,2099,2,167
Madison,540,6,864,1001,451,47,41,254,813,288,20,71,44,4,NA,2,NA,4446,271,AUG,NA,NA,NA,NA,NA,2017,2017-08-01,21979,3337,0.1518267437099049,1221,0,NA
Martin,621,15,1153,1532,574,22,54,514,1015,285,42,182,82,2,NA,5,1,6099,221,AUG,NA,NA,NA,NA,NA,2017,2017-08-01,23606,4721,0.19999152757773447,1526,1,49
Mcdowell,790,7,1742,2775,1052,58,128,722,1982,595,73,385,213,2,NA,11,2,10537,509,AUG,NA,NA,NA,NA,NA,2017,2017-08-01,NA,NA,NA,NA,0,NA
Mecklenburg,9775,153,22715,55161,18761,392,1527,28602,42946,13295,467,2452,1315,38,83,5303,1,202986,7517,AUG,NA,NA,NA,NA,NA,2017,2017-08-01,1053545,141024,0.13385664589552415,88521,8,2279
Mitchell,362,4,553,702,290,44,27,247,577,216,33,165,78,2,NA,9,NA,3309,192,AUG,NA,NA,NA,NA,NA,2017,2017-08-01,15266,2688,0.17607755797196384,889,1,46
Montgomery,563,5,962,1720,611,13,60,625,1537,578,43,233,130,NA,NA,24,1,7105,451,AUG,NA,NA,NA,NA,NA,2017,2017-08-01,27768,5821,0.20962978968596946,2008,1,37
Moore,1114,10,2246,3631,1561,25,144,1325,3160,965,98,378,194,1,1,20,NA,14873,690,AUG,NA,NA,NA,NA,NA,2017,2017-08-01,96102,13478,0.14024682108592954,6281,1,372
Nash,1740,23,4097,5935,2158,23,250,2717,4406,1451,60,586,275,19,NA,41,2,23783,974,AUG,NA,NA,NA,NA,NA,2017,2017-08-01,94421,16057,0.17005750839325998,6783,1,353
New Hanover,2086,27,5956,9048,3404,293,305,2821,6567,1917,129,667,407,8,NA,166,NA,33801,1175,AUG,NA,NA,NA,NA,NA,2017,2017-08-01,223608,37167,0.16621498336374368,14110,1,769
Northampton,660,7,1298,1616,636,5,34,649,795,218,23,177,83,3,NA,1,NA,6205,120,AUG,NA,NA,NA,NA,NA,2017,2017-08-01,20788,5616,0.27015585914950935,1162,0,NA
Onslow,1364,25,4439,8753,3862,266,438,4158,6762,1911,110,427,249,3,NA,150,NA,32917,1100,AUG,NA,NA,NA,NA,NA,2017,2017-08-01,193914,23890,0.12319894386171189,26847,1,162
Orange,935,14,2347,3394,1355,47,144,1437,3259,1175,64,253,137,NA,8,756,NA,15325,993,AUG,NA,NA,NA,NA,NA,2017,2017-08-01,140853,18713,0.13285482027361858,7703,1,778
Pamlico,227,1,390,687,271,12,12,165,362,100,11,72,26,1,NA,NA,NA,2337,107,AUG,NA,NA,NA,NA,NA,2017,2017-08-01,13336,1773,0.13294841031793642,567,0,NA
Pasquotank,617,10,1464,2199,871,7,117,1147,1888,529,59,183,97,3,NA,19,NA,9210,369,AUG,NA,NA,NA,NA,NA,2017,2017-08-01,40284,6521,0.16187568265316254,3114,1,182
Pender,802,7,1697,3039,1344,33,83,1553,2410,685,45,254,171,1,NA,28,NA,12152,525,AUG,NA,NA,NA,NA,NA,2017,2017-08-01,59459,10304,0.17329588455910797,3808,1,86
Perquimans,248,2,483,635,259,3,32,216,488,135,24,85,59,NA,NA,1,NA,2670,145,AUG,NA,NA,NA,NA,NA,2017,2017-08-01,13561,2208,0.16281985104343338,799,0,NA
Person,737,2,1339,2210,905,32,85,883,1461,487,51,293,144,3,NA,29,NA,8661,380,AUG,NA,NA,NA,NA,NA,2017,2017-08-01,39728,7127,0.17939488521949254,2577,1,110
Pitt,2342,44,7216,9477,3515,112,359,3706,7365,2321,125,640,325,6,NA,92,NA,37645,1477,AUG,NA,NA,NA,NA,NA,2017,2017-08-01,175885,41412,0.23544929925803793,13332,1,909
Polk,287,3,482,696,240,22,37,208,672,221,26,78,60,3,NA,17,NA,3052,177,AUG,NA,NA,NA,NA,NA,2017,2017-08-01,21030,2902,0.13799334284355683,870,1,55
Randolph,1914,23,4335,7863,2916,44,304,2182,7205,2498,179,859,525,7,NA,188,NA,31042,1798,AUG,NA,NA,NA,NA,NA,2017,2017-08-01,143711,23757,0.16531093653234616,10015,1,145
Richmond,929,9,2763,4168,1682,10,135,1511,2707,692,60,459,205,3,NA,33,1,15367,446,AUG,NA,NA,NA,NA,NA,2017,2017-08-01,44912,11443,0.2547871392946206,3426,1,99
Robeson,3307,37,8376,14268,5484,69,373,4377,8854,2293,180,959,572,6,NA,26,1,49182,1339,AUG,NA,NA,NA,NA,NA,2017,2017-08-01,132657,40313,0.3038889768349955,11709,1,452
Rockingham,1670,15,3873,5641,2099,107,181,1069,4045,1259,172,745,443,4,NA,32,NA,21355,749,AUG,NA,NA,NA,NA,NA,2017,2017-08-01,91891,17517,0.1906280266837884,5835,2,339
Rowan,1785,28,4572,9148,3562,88,247,2786,6285,2068,124,685,455,7,1,108,NA,31949,1275,AUG,NA,NA,NA,NA,NA,2017,2017-08-01,140970,24142,0.1712562956657445,9761,1,268
Rutherford,1144,10,2746,3744,1493,72,203,1489,2803,932,102,464,275,10,NA,24,1,15512,730,AUG,NA,NA,NA,NA,NA,2017,2017-08-01,67703,12668,0.18711135400203832,4257,1,143
Sampson,1350,14,2357,5079,1444,51,150,1707,3847,1085,94,427,239,NA,NA,67,NA,17911,820,AUG,NA,NA,NA,NA,NA,2017,2017-08-01,63499,15207,0.23948408636356477,5295,1,146
Scotland,750,11,2267,3877,1502,1,103,1006,1971,426,67,294,188,NA,NA,12,NA,12475,268,AUG,NA,NA,NA,NA,NA,2017,2017-08-01,35789,10480,0.2928274050685965,2849,1,104
Stanly,852,11,1791,2640,1083,11,171,1191,2700,883,82,333,216,4,NA,27,NA,11995,724,AUG,NA,NA,NA,NA,NA,2017,2017-08-01,61751,10047,0.16270181859403088,4149,0,NA
Stokes,656,7,1316,2231,859,28,86,439,1450,444,54,306,156,3,NA,7,NA,8042,338,AUG,NA,NA,NA,NA,NA,2017,2017-08-01,46751,7052,0.15084169322581334,2511,1,93
Surry,1428,11,2638,3685,1346,17,153,1087,3679,1105,149,608,339,3,NA,66,NA,16314,949,AUG,NA,NA,NA,NA,NA,2017,2017-08-01,72843,12801,0.1757341130925415,4765,2,353
Swain,331,1,622,1287,495,85,34,282,671,244,26,108,45,1,NA,1,NA,4233,191,AUG,NA,NA,NA,NA,NA,2017,2017-08-01,14852,3277,0.2206436843522758,1239,1,48
Transylvania,399,3,926,1514,564,31,69,424,1156,396,40,162,92,3,NA,8,NA,5787,334,AUG,NA,NA,NA,NA,NA,2017,2017-08-01,34139,4598,0.13468467149008465,1690,1,92
Tyrrell,122,NA,144,181,49,NA,8,83,190,64,2,39,10,1,NA,7,NA,900,55,AUG,NA,NA,NA,NA,NA,2017,2017-08-01,4136,905,0.21881044487427467,266,0,NA
Union,1474,14,3199,7548,2485,55,295,2693,7671,2922,97,429,272,13,16,391,NA,29574,2266,AUG,NA,NA,NA,NA,NA,2017,2017-08-01,223915,20772,0.09276734475135655,14854,1,182
Vance,1139,7,3098,4478,1709,7,139,1614,3011,867,62,360,201,9,NA,11,NA,16712,581,AUG,NA,NA,NA,NA,NA,2017,2017-08-01,44945,11177,0.24868172210479475,3550,1,102
Wake,6449,135,15025,30613,9855,326,1147,15833,29910,10878,307,1473,702,20,38,3506,20,126237,7924,AUG,NA,NA,NA,NA,NA,2017,2017-08-01,1026748,105133,0.10239416098205208,78745,5,1574
Warren,612,8,1048,1200,386,4,56,212,878,290,23,163,87,1,NA,3,NA,4971,236,AUG,NA,NA,NA,NA,NA,2017,2017-08-01,20121,4662,0.23169822573430743,1156,0,NA
Washington,319,6,746,917,362,6,33,411,679,146,27,70,34,1,NA,2,NA,3759,106,AUG,NA,NA,NA,NA,NA,2017,2017-08-01,12425,2916,0.2346881287726358,800,1,49
Watauga,418,7,714,799,286,34,56,380,1042,365,26,137,74,2,NA,5,NA,4345,410,AUG,NA,NA,NA,NA,NA,2017,2017-08-01,54992,14797,0.2690755018911842,2217,1,117
Wayne,1872,34,5134,9284,3114,65,259,3192,6474,1901,88,680,332,3,3,205,2,32642,1232,AUG,NA,NA,NA,NA,NA,2017,2017-08-01,124808,26475,0.21212582526761106,10606,1,316
Wilkes,1235,15,2613,3545,1319,241,136,381,3114,971,105,541,314,2,NA,36,NA,14568,842,AUG,NA,NA,NA,NA,NA,2017,2017-08-01,70027,14278,0.203892784211804,4272,1,144
Wilson,1612,21,3642,5327,2048,20,182,1925,4569,1377,102,473,255,5,NA,47,1,21606,1021,AUG,NA,NA,NA,NA,NA,2017,2017-08-01,81758,18043,0.22068788375449497,6028,1,294
Yadkin,584,4,1003,1684,581,19,90,503,1731,620,57,209,142,2,NA,20,3,7252,393,AUG,NA,NA,NA,NA,NA,2017,2017-08-01,37725,7112,0.1885222001325381,2441,0,NA
Yancey,419,2,638,893,345,21,28,222,734,261,26,132,71,NA,NA,5,NA,3797,210,AUG,NA,NA,NA,NA,NA,2017,2017-08-01,18142,3713,0.20466321243523317,1068,0,NA
Alamance,2099,21,4690,9061,2811,67,401,4110,7476,2655,144,778,507,17,NA,208,NA,35045,1786,AUG,NA,NA,NA,NA,NA,2018,2018-08-01,159054,28123,0.17681416374313128,11084,1,238
Alexander,475,4,922,1657,696,20,91,986,1456,591,37,236,133,NA,NA,12,NA,7316,457,AUG,NA,NA,NA,NA,NA,2018,2018-08-01,38284,6240,0.16299237279281162,2215,0,NA
Alleghany,215,NA,380,486,185,14,29,310,572,171,25,115,44,1,NA,3,NA,2550,146,AUG,NA,NA,NA,NA,NA,2018,2018-08-01,11202,2089,0.18648455632922692,592,1,41
Anson,558,7,1345,1830,640,6,82,1055,1264,357,27,333,132,NA,NA,3,NA,7639,213,AUG,NA,NA,NA,NA,NA,2018,2018-08-01,25628,5484,0.21398470422974872,1598,1,15
Ashe,633,5,935,946,426,32,56,684,1064,462,59,255,106,2,NA,10,NA,5675,352,AUG,NA,NA,NA,NA,NA,2018,2018-08-01,27344,5290,0.19346108835576362,1474,1,76
Avery,363,3,477,584,200,10,36,173,703,259,24,118,55,NA,NA,3,NA,3008,233,AUG,NA,NA,NA,NA,NA,2018,2018-08-01,18098,2509,0.13863410321582495,902,1,50
Beaufort,976,9,2286,2727,1119,38,108,1187,2355,670,52,319,153,8,NA,11,NA,12018,500,AUG,NA,NA,NA,NA,NA,2018,2018-08-01,47610,8215,0.172547784078975,3048,1,142
Bertie,665,9,1253,1195,407,7,47,689,817,268,55,254,110,1,NA,6,NA,5783,180,AUG,NA,NA,NA,NA,NA,2018,2018-08-01,19847,3992,0.2011387111402227,1144,1,6
Bladen,822,8,1792,2229,802,6,105,1168,1585,586,59,279,133,1,NA,4,NA,9579,382,AUG,NA,NA,NA,NA,NA,2018,2018-08-01,34667,9549,0.2754492745262065,2233,1,58
Brunswick,1262,22,3255,5611,2355,70,194,3423,4239,1385,85,489,283,5,NA,50,NA,22728,985,AUG,NA,NA,NA,NA,NA,2018,2018-08-01,127750,17992,0.14083757338551858,6505,2,174
Buncombe,3359,39,7752,7875,3081,216,482,5475,8981,3824,263,1131,628,30,9,599,NA,43744,2607,AUG,NA,NA,NA,NA,NA,2018,2018-08-01,258406,35996,0.13930017104865985,16242,1,730
Burke,1280,13,2864,4817,1681,129,247,2985,3857,1446,117,587,345,NA,NA,68,NA,20436,1104,AUG,NA,NA,NA,NA,NA,2018,2018-08-01,89814,17135,0.19078317411539403,5448,1,315
Cabarrus,1701,22,4032,8308,2851,55,361,5352,8642,3392,111,647,355,11,1,384,NA,36225,2400,AUG,NA,NA,NA,NA,NA,2018,2018-08-01,200663,22324,0.1112512022644932,14680,1,447
Caldwell,1227,15,2757,4927,1998,80,209,2896,3526,1378,119,813,381,7,NA,72,NA,20405,917,AUG,NA,NA,NA,NA,NA,2018,2018-08-01,82793,14137,0.17075115045957992,5034,1,110
Camden,69,2,171,240,105,1,18,181,218,96,7,31,13,NA,NA,4,NA,1156,54,AUG,NA,NA,NA,NA,NA,2018,2018-08-01,10287,1060,0.10304267522115292,565,0,NA
Carteret,808,4,1720,2102,892,70,109,2322,2139,732,87,326,197,4,NA,14,NA,11526,523,AUG,NA,NA,NA,NA,NA,2018,2018-08-01,69881,8869,0.1269157567865371,3827,1,135
Caswell,538,8,892,1362,522,6,63,728,873,289,38,192,117,4,NA,2,NA,5634,212,AUG,NA,NA,NA,NA,NA,2018,2018-08-01,23689,4888,0.20634049558866985,1289,0,NA
Catawba,1925,26,4296,6709,2340,200,451,2939,7065,2984,151,842,467,12,1,222,NA,30630,2015,AUG,NA,NA,NA,NA,NA,2018,2018-08-01,156473,24269,0.15510024093613595,11036,2,613
Chatham,641,5,1145,1769,547,81,95,1075,2508,865,55,260,172,NA,NA,65,NA,9283,690,AUG,NA,NA,NA,NA,NA,2018,2018-08-01,73286,9185,0.1253308953961193,3943,1,25
Cherokee,587,5,1063,1303,510,32,70,1165,1275,405,59,274,127,3,NA,6,NA,6884,259,AUG,NA,NA,NA,NA,NA,2018,2018-08-01,28591,5247,0.18351928928683853,1389,1,57
Chowan,330,4,643,762,281,2,34,528,597,193,23,92,48,NA,NA,3,NA,3540,155,AUG,NA,NA,NA,NA,NA,2018,2018-08-01,14410,3491,0.24226231783483693,945,1,89
Clay,256,3,345,409,157,15,34,268,493,162,14,76,34,1,NA,9,NA,2276,103,AUG,NA,NA,NA,NA,NA,2018,2018-08-01,11320,1731,0.15291519434628975,521,0,NA
Cleveland,1762,20,4523,7342,3053,129,251,3809,4770,1499,131,872,454,4,NA,35,NA,28654,891,AUG,NA,NA,NA,NA,NA,2018,2018-08-01,98244,19866,0.20221082203493343,6749,2,288
Columbus,1477,15,3123,4556,1513,14,149,2002,2922,795,93,448,173,1,NA,7,NA,17288,559,AUG,NA,NA,NA,NA,NA,2018,2018-08-01,57182,12443,0.21760344164247492,3935,1,154
Craven,1180,15,2952,4308,1686,35,195,2518,3986,1272,101,397,201,8,19,597,NA,19470,854,AUG,NA,NA,NA,NA,NA,2018,2018-08-01,103737,15205,0.1465725825886617,9726,1,350
Cumberland,3984,55,13857,22429,9709,533,804,11140,14993,4310,183,1108,535,15,NA,320,NA,83975,2670,AUG,NA,NA,NA,NA,NA,2018,2018-08-01,329824,55235,0.16746810420102842,35509,2,666
Currituck,145,3,446,564,239,13,45,340,681,253,16,51,37,NA,NA,7,NA,2840,173,AUG,NA,NA,NA,NA,NA,2018,2018-08-01,26101,2468,0.09455576414696755,1530,0,NA
Dare,248,1,517,1043,341,9,74,800,1199,562,27,86,50,4,NA,30,NA,4991,444,AUG,NA,NA,NA,NA,NA,2018,2018-08-01,36387,2885,0.07928655838623684,2237,1,21
Davidson,2124,22,4904,7843,2779,33,412,3858,7188,2729,187,981,593,9,5,93,NA,33760,1791,AUG,NA,NA,NA,NA,NA,2018,2018-08-01,166137,26221,0.15782757603664446,10825,2,240
Davie,421,3,897,1621,570,23,70,719,1398,455,35,184,109,1,NA,16,NA,6522,429,AUG,NA,NA,NA,NA,NA,2018,2018-08-01,42211,5735,0.13586505887091044,2401,1,50
Duplin,1062,6,1974,3733,979,14,135,1571,3844,1204,63,311,150,3,NA,110,NA,15159,819,AUG,NA,NA,NA,NA,NA,2018,2018-08-01,59597,16106,0.27024850244139803,4755,1,101
Durham,2810,30,8521,13480,4053,107,448,6860,12496,3901,124,725,316,2,20,1057,5,54955,3028,AUG,NA,NA,NA,NA,NA,2018,2018-08-01,301520,48907,0.16220151233749006,26845,3,1330
Edgecombe,1502,18,3606,5461,2100,29,130,2583,3094,898,52,507,231,4,NA,6,NA,20221,554,AUG,NA,NA,NA,NA,NA,2018,2018-08-01,53502,13750,0.25699973832753914,4041,1,117
Forsyth,4012,86,11247,19045,6238,133,682,10109,18675,5706,299,1515,736,21,4,750,NA,79258,3712,AUG,NA,NA,NA,NA,NA,2018,2018-08-01,369144,69253,0.18760429534273887,28382,4,1878
Franklin,857,6,1873,3005,999,24,122,1804,2825,1066,80,352,162,3,NA,36,NA,13214,747,AUG,NA,NA,NA,NA,NA,2018,2018-08-01,65445,9967,0.15229582091832836,4245,0,NA
Gaston,3070,36,7375,12143,4615,148,490,6195,9527,3288,219,1390,725,18,NA,120,NA,49359,1948,AUG,NA,NA,NA,NA,NA,2018,2018-08-01,215489,35812,0.1661894574665064,15799,1,435
Gates,187,2,353,531,195,1,19,247,345,161,17,58,23,1,NA,NA,NA,2140,109,AUG,NA,NA,NA,NA,NA,2018,2018-08-01,11891,1391,0.11697922798755361,674,0,NA
Graham,232,1,351,603,221,3,27,325,373,132,17,73,42,NA,NA,NA,NA,2400,124,AUG,NA,NA,NA,NA,NA,2018,2018-08-01,8835,1650,0.1867572156196944,557,0,NA
Granville,717,8,1538,2282,926,27,104,1464,2258,873,51,289,137,1,NA,46,NA,10721,674,AUG,NA,NA,NA,NA,NA,2018,2018-08-01,59433,9109,0.1532650211162149,3525,1,142
Greene,371,4,717,1167,367,3,36,523,1267,347,13,98,63,NA,NA,9,NA,4985,307,AUG,NA,NA,NA,NA,NA,2018,2018-08-01,21421,4646,0.21688996778861863,1367,0,NA
Guilford,6298,89,15355,29831,9890,321,1112,14695,23748,7562,399,2112,1023,38,31,3099,NA,115603,5295,AUG,NA,NA,NA,NA,NA,2018,2018-08-01,520230,87165,0.1675508909520789,38193,4,1219
Halifax,1794,13,4017,3653,1154,11,153,1582,2735,810,96,564,253,6,3,17,NA,16861,441,AUG,NA,NA,NA,NA,NA,2018,2018-08-01,52160,13782,0.2642254601226994,3640,2,304
Harnett,1498,13,3687,6356,2282,38,291,3123,5714,1911,93,552,310,1,NA,143,NA,26012,1329,AUG,NA,NA,NA,NA,NA,2018,2018-08-01,128783,22461,0.17440966587204834,11425,2,151
Haywood,1090,11,2209,2868,1228,43,125,2034,2380,954,94,390,185,7,NA,38,NA,13656,517,AUG,NA,NA,NA,NA,NA,2018,2018-08-01,61771,9851,0.15947612957536708,3527,1,169
Henderson,1281,5,2609,3037,971,96,206,1275,4674,1833,79,466,228,14,NA,130,NA,16904,1365,AUG,NA,NA,NA,NA,NA,2018,2018-08-01,114385,14559,0.12728067491366876,6692,2,325
Hertford,716,4,1374,1691,619,2,43,969,1092,332,41,242,111,2,NA,7,NA,7245,198,AUG,NA,NA,NA,NA,NA,2018,2018-08-01,24038,5217,0.21703136700224646,1481,1,114
Hoke,648,7,1698,4507,1496,20,114,1973,2597,742,50,225,110,5,NA,18,1,14211,407,AUG,NA,NA,NA,NA,NA,2018,2018-08-01,52214,11545,0.22110928103573754,5908,2,49
Hyde,139,NA,192,330,125,4,2,114,191,50,5,32,18,1,NA,2,NA,1205,37,AUG,NA,NA,NA,NA,NA,2018,2018-08-01,5621,1108,0.19711795054260808,310,0,NA
Iredell,1528,18,3769,6306,2509,95,341,3757,5985,2464,134,650,368,3,NA,194,NA,28121,1766,AUG,NA,NA,NA,NA,NA,2018,2018-08-01,173391,22114,0.127538338206712,11266,3,500
Jackson,543,7,1078,2041,849,38,82,744,1451,514,56,230,92,3,NA,16,NA,7744,358,AUG,NA,NA,NA,NA,NA,2018,2018-08-01,42574,8646,0.20308169305209753,2454,1,86
Johnston,2209,32,5046,9215,3112,61,369,6077,9078,3508,180,782,443,11,NA,405,NA,40528,2579,AUG,NA,NA,NA,NA,NA,2018,2018-08-01,189460,26272,0.13866779267391535,14074,1,177
Jones,293,4,475,495,191,6,21,216,401,128,8,74,34,2,NA,4,NA,2352,96,AUG,NA,NA,NA,NA,NA,2018,2018-08-01,10354,2285,0.22068765694417616,614,0,NA
Lee,845,6,1864,3174,1136,36,147,2129,3657,1248,62,310,149,2,NA,137,NA,14902,967,AUG,NA,NA,NA,NA,NA,2018,2018-08-01,59244,10673,0.1801532644655999,4996,1,137
Lenoir,1425,23,3279,4262,1564,19,152,2043,3252,972,97,380,224,5,NA,24,NA,17721,678,AUG,NA,NA,NA,NA,NA,2018,2018-08-01,57587,12614,0.21904249222914893,4136,1,261
Lincoln,945,7,1995,3790,1472,65,157,2188,2668,1088,79,424,226,2,NA,100,NA,15206,797,AUG,NA,NA,NA,NA,NA,2018,2018-08-01,82033,11907,0.14514890349005888,4893,1,101
Macon,546,3,1075,1342,473,30,76,948,1664,590,47,205,103,3,NA,12,NA,7117,433,AUG,NA,NA,NA,NA,NA,2018,2018-08-01,35047,6183,0.1764202356835107,2099,2,167
Madison,539,4,845,875,361,43,60,525,798,361,24,158,93,1,NA,5,NA,4692,292,AUG,NA,NA,NA,NA,NA,2018,2018-08-01,21979,3337,0.1518267437099049,1221,0,NA
Martin,640,15,1153,1446,531,27,53,723,1103,301,46,195,97,1,NA,5,NA,6336,237,AUG,NA,NA,NA,NA,NA,2018,2018-08-01,23606,4721,0.19999152757773447,1526,1,49
Mcdowell,788,9,1742,2504,954,76,114,1165,2041,706,74,428,216,1,NA,16,NA,10834,562,AUG,NA,NA,NA,NA,NA,2018,2018-08-01,NA,NA,NA,NA,0,NA
Mecklenburg,10008,159,22255,49652,17507,350,1755,32847,43772,14526,529,2457,1236,60,29,5905,2,203049,7759,AUG,NA,NA,NA,NA,NA,2018,2018-08-01,1053545,141024,0.13385664589552415,88521,8,2279
Mitchell,353,3,548,656,272,33,26,419,539,237,38,164,79,1,NA,12,NA,3380,184,AUG,NA,NA,NA,NA,NA,2018,2018-08-01,15266,2688,0.17607755797196384,889,1,46
Montgomery,540,7,963,1559,604,3,57,928,1567,578,39,252,131,1,NA,27,NA,7256,465,AUG,NA,NA,NA,NA,NA,2018,2018-08-01,27768,5821,0.20962978968596946,2008,1,37
Moore,1127,8,2251,3584,1497,21,145,2107,3158,998,105,411,212,1,1,29,NA,15655,739,AUG,NA,NA,NA,NA,NA,2018,2018-08-01,96102,13478,0.14024682108592954,6281,1,372
Nash,1744,20,4123,5419,1900,19,244,3368,4383,1428,54,622,311,18,NA,41,NA,23694,1052,AUG,NA,NA,NA,NA,NA,2018,2018-08-01,94421,16057,0.17005750839325998,6783,1,353
New Hanover,2093,29,6016,7828,2987,273,308,4769,6877,2060,147,735,398,7,NA,166,NA,34693,1357,AUG,NA,NA,NA,NA,NA,2018,2018-08-01,223608,37167,0.16621498336374368,14110,1,769
Northampton,646,7,1246,1359,546,3,31,787,854,225,19,198,89,2,NA,NA,NA,6012,161,AUG,NA,NA,NA,NA,NA,2018,2018-08-01,20788,5616,0.27015585914950935,1162,0,NA
Onslow,1387,22,4497,8296,3603,175,458,5274,7440,2146,120,491,279,4,NA,186,NA,34378,1248,AUG,NA,NA,NA,NA,NA,2018,2018-08-01,193914,23890,0.12319894386171189,26847,1,162
Orange,943,16,2340,3007,1223,53,119,1907,3449,1295,66,266,142,1,12,758,NA,15597,965,AUG,NA,NA,NA,NA,NA,2018,2018-08-01,140853,18713,0.13285482027361858,7703,1,778
Pamlico,225,2,377,691,272,2,21,177,366,125,19,73,22,NA,NA,NA,NA,2372,101,AUG,NA,NA,NA,NA,NA,2018,2018-08-01,13336,1773,0.13294841031793642,567,0,NA
Pasquotank,643,12,1466,1990,809,7,86,1287,1945,526,39,184,103,1,NA,20,NA,9118,352,AUG,NA,NA,NA,NA,NA,2018,2018-08-01,40284,6521,0.16187568265316254,3114,1,182
Pender,764,6,1714,2830,1237,46,97,2169,2479,800,51,309,173,1,NA,37,NA,12713,550,AUG,NA,NA,NA,NA,NA,2018,2018-08-01,59459,10304,0.17329588455910797,3808,1,86
Perquimans,242,3,454,593,229,3,35,280,498,144,20,90,58,NA,NA,2,NA,2651,115,AUG,NA,NA,NA,NA,NA,2018,2018-08-01,13561,2208,0.16281985104343338,799,0,NA
Person,723,5,1351,2084,853,42,91,1193,1489,567,55,287,150,2,NA,34,NA,8926,392,AUG,NA,NA,NA,NA,NA,2018,2018-08-01,39728,7127,0.17939488521949254,2577,1,110
Pitt,2368,42,7370,8777,3190,127,382,5364,7708,2427,137,720,335,6,NA,123,NA,39076,1594,AUG,NA,NA,NA,NA,NA,2018,2018-08-01,175885,41412,0.23544929925803793,13332,1,909
Polk,273,3,468,689,206,19,43,413,669,235,24,91,52,4,NA,15,NA,3204,197,AUG,NA,NA,NA,NA,NA,2018,2018-08-01,21030,2902,0.13799334284355683,870,1,55
Randolph,1870,19,4309,7392,2708,52,337,3944,7420,2698,184,929,534,7,NA,238,NA,32641,1815,AUG,NA,NA,NA,NA,NA,2018,2018-08-01,143711,23757,0.16531093653234616,10015,1,145
Richmond,939,9,2771,4052,1616,15,155,2376,2880,740,63,487,228,1,NA,34,NA,16366,513,AUG,NA,NA,NA,NA,NA,2018,2018-08-01,44912,11443,0.2547871392946206,3426,1,99
Robeson,3210,33,8099,13132,5282,75,368,6676,9089,2454,207,1161,555,5,NA,41,NA,50387,1554,AUG,NA,NA,NA,NA,NA,2018,2018-08-01,132657,40313,0.3038889768349955,11709,1,452
Rockingham,1688,16,3777,5129,1968,62,193,1984,4040,1382,190,818,430,NA,NA,37,NA,21714,858,AUG,NA,NA,NA,NA,NA,2018,2018-08-01,91891,17517,0.1906280266837884,5835,2,339
Rowan,1790,28,4513,8681,3336,112,282,4430,6528,2258,140,758,426,13,NA,126,NA,33421,1415,AUG,NA,NA,NA,NA,NA,2018,2018-08-01,140970,24142,0.1712562956657445,9761,1,268
Rutherford,1122,8,2732,3447,1268,80,213,1651,2889,1045,100,478,258,9,NA,26,NA,15326,748,AUG,NA,NA,NA,NA,NA,2018,2018-08-01,67703,12668,0.18711135400203832,4257,1,143
Sampson,1305,15,2343,4696,1320,67,135,2396,4008,1195,97,444,225,NA,NA,63,NA,18309,873,AUG,NA,NA,NA,NA,NA,2018,2018-08-01,63499,15207,0.23948408636356477,5295,1,146
Scotland,748,9,2211,3623,1397,17,122,1552,2043,486,63,319,192,1,NA,10,NA,12793,288,AUG,NA,NA,NA,NA,NA,2018,2018-08-01,35789,10480,0.2928274050685965,2849,1,104
Stanly,844,10,1734,2521,1018,7,194,1509,2689,1025,80,369,203,6,NA,33,NA,12242,751,AUG,NA,NA,NA,NA,NA,2018,2018-08-01,61751,10047,0.16270181859403088,4149,0,NA
Stokes,617,7,1293,2111,793,30,86,756,1520,513,68,323,151,4,NA,5,NA,8277,387,AUG,NA,NA,NA,NA,NA,2018,2018-08-01,46751,7052,0.15084169322581334,2511,1,93
Surry,1421,12,2580,3464,1297,13,175,1690,3673,1267,173,657,342,3,NA,83,NA,16850,944,AUG,NA,NA,NA,NA,NA,2018,2018-08-01,72843,12801,0.1757341130925415,4765,2,353
Swain,325,1,567,1292,488,38,33,661,745,247,32,89,42,2,NA,4,NA,4566,192,AUG,NA,NA,NA,NA,NA,2018,2018-08-01,14852,3277,0.2206436843522758,1239,1,48
Transylvania,405,4,906,1358,469,27,57,672,1235,464,52,161,100,3,NA,8,NA,5921,345,AUG,NA,NA,NA,NA,NA,2018,2018-08-01,34139,4598,0.13468467149008465,1690,1,92
Tyrrell,111,NA,140,149,40,9,11,104,210,75,6,38,10,1,NA,5,NA,909,50,AUG,NA,NA,NA,NA,NA,2018,2018-08-01,4136,905,0.21881044487427467,266,0,NA
Union,1527,17,3146,6877,2236,60,322,3841,7794,3176,112,475,271,13,3,496,NA,30366,2278,AUG,NA,NA,NA,NA,NA,2018,2018-08-01,223915,20772,0.09276734475135655,14854,1,182
Vance,1154,8,3190,4448,1734,20,179,2299,3219,860,55,395,229,6,NA,20,NA,17816,607,AUG,NA,NA,NA,NA,NA,2018,2018-08-01,44945,11177,0.24868172210479475,3550,1,102
Wake,6610,118,14692,28186,10072,326,1187,21424,31148,11923,328,1605,764,19,32,4270,1,132705,8667,AUG,NA,NA,NA,NA,NA,2018,2018-08-01,1026748,105133,0.10239416098205208,78745,5,1574
Warren,586,8,1029,1105,339,8,54,341,912,306,40,188,101,4,NA,8,NA,5029,210,AUG,NA,NA,NA,NA,NA,2018,2018-08-01,20121,4662,0.23169822573430743,1156,0,NA
Washington,334,5,763,889,348,13,34,509,657,160,23,79,30,2,NA,NA,NA,3846,104,AUG,NA,NA,NA,NA,NA,2018,2018-08-01,12425,2916,0.2346881287726358,800,1,49
Watauga,433,6,719,713,251,15,48,529,1052,406,27,151,70,1,NA,9,NA,4430,363,AUG,NA,NA,NA,NA,NA,2018,2018-08-01,54992,14797,0.2690755018911842,2217,1,117
Wayne,1863,33,5115,8532,2751,54,333,4424,6927,2112,95,755,344,5,NA,251,NA,33594,1308,AUG,NA,NA,NA,NA,NA,2018,2018-08-01,124808,26475,0.21212582526761106,10606,1,316
Wilkes,1242,14,2610,3498,1210,156,151,1351,3127,1104,116,579,319,5,NA,39,NA,15521,882,AUG,NA,NA,NA,NA,NA,2018,2018-08-01,70027,14278,0.203892784211804,4272,1,144
Wilson,1571,17,3604,4884,1774,16,211,2908,4753,1534,122,538,284,6,NA,57,NA,22279,1025,AUG,NA,NA,NA,NA,NA,2018,2018-08-01,81758,18043,0.22068788375449497,6028,1,294
Yadkin,575,5,1006,1575,593,32,73,915,1796,565,61,216,130,1,NA,20,1,7564,473,AUG,NA,NA,NA,NA,NA,2018,2018-08-01,37725,7112,0.1885222001325381,2441,0,NA
Yancey,407,3,619,891,337,28,34,403,737,273,27,155,69,NA,NA,6,NA,3989,207,AUG,NA,NA,NA,NA,NA,2018,2018-08-01,18142,3713,0.20466321243523317,1068,0,NA
Alamance,2056,22,4399,8130,2896,56,337,1626,7199,2229,135,740,489,9,NA,94,NA,30417,1548,AUG,NA,NA,NA,NA,NA,2016,2016-08-01,159054,28123,0.17681416374313128,11084,1,238
Alexander,481,4,871,1600,698,44,91,373,1484,498,43,234,155,NA,NA,7,NA,6583,512,AUG,NA,NA,NA,NA,NA,2016,2016-08-01,38284,6240,0.16299237279281162,2215,0,NA
Alleghany,216,1,395,540,222,7,24,79,537,182,17,103,42,NA,NA,NA,NA,2365,138,AUG,NA,NA,NA,NA,NA,2016,2016-08-01,11202,2089,0.18648455632922692,592,1,41
Anson,547,9,1328,1760,714,7,69,505,1336,365,22,272,137,NA,NA,3,NA,7074,189,AUG,NA,NA,NA,NA,NA,2016,2016-08-01,25628,5484,0.21398470422974872,1598,1,15
Ashe,621,7,904,1016,466,22,50,283,1136,381,65,246,119,1,2,10,NA,5329,331,AUG,NA,NA,NA,NA,NA,2016,2016-08-01,27344,5290,0.19346108835576362,1474,1,76
Avery,352,1,472,656,266,19,24,91,691,246,25,109,55,NA,NA,NA,NA,3007,211,AUG,NA,NA,NA,NA,NA,2016,2016-08-01,18098,2509,0.13863410321582495,902,1,50
Beaufort,927,9,2218,2948,1233,32,75,468,2255,611,42,300,174,3,NA,5,NA,11300,462,AUG,NA,NA,NA,NA,NA,2016,2016-08-01,47610,8215,0.172547784078975,3048,1,142
Bertie,655,9,1287,1282,489,4,51,376,906,279,39,251,119,NA,NA,4,NA,5751,170,AUG,NA,NA,NA,NA,NA,2016,2016-08-01,19847,3992,0.2011387111402227,1144,1,6
Bladen,825,8,1789,2435,946,12,77,555,1618,471,63,269,143,NA,NA,2,NA,9213,396,AUG,NA,NA,NA,NA,NA,2016,2016-08-01,34667,9549,0.2754492745262065,2233,1,58
Brunswick,1237,25,3155,5520,2632,41,186,1697,4452,1293,87,467,291,6,NA,25,NA,21114,953,AUG,NA,NA,NA,NA,NA,2016,2016-08-01,127750,17992,0.14083757338551858,6505,2,174
Buncombe,3278,46,7705,9091,4221,200,438,3095,9669,3510,283,1153,688,25,3,315,NA,43720,2627,AUG,NA,NA,NA,NA,NA,2016,2016-08-01,258406,35996,0.13930017104865985,16242,1,730
Burke,1231,21,2821,5660,2209,98,214,1279,3650,1306,120,561,286,NA,NA,32,NA,19488,992,AUG,NA,NA,NA,NA,NA,2016,2016-08-01,89814,17135,0.19078317411539403,5448,1,315
Cabarrus,1590,20,3965,8013,3154,33,368,2556,8750,2795,128,621,379,4,3,255,NA,32634,2090,AUG,NA,NA,NA,NA,NA,2016,2016-08-01,200663,22324,0.1112512022644932,14680,1,447
Caldwell,1251,16,2722,4939,2059,116,193,1673,3587,1167,124,744,414,4,2,41,NA,19052,940,AUG,NA,NA,NA,NA,NA,2016,2016-08-01,82793,14137,0.17075115045957992,5034,1,110
Camden,74,2,182,232,99,1,23,118,218,96,9,27,17,1,NA,4,NA,1103,76,AUG,NA,NA,NA,NA,NA,2016,2016-08-01,10287,1060,0.10304267522115292,565,0,NA
Carteret,772,6,1792,2367,1179,30,102,1540,2221,740,88,317,197,4,NA,14,NA,11369,494,AUG,NA,NA,NA,NA,NA,2016,2016-08-01,69881,8869,0.1269157567865371,3827,1,135
Caswell,544,6,896,1380,574,4,54,389,955,262,38,194,100,2,NA,2,NA,5400,188,AUG,NA,NA,NA,NA,NA,2016,2016-08-01,23689,4888,0.20634049558866985,1289,0,NA
Catawba,1943,27,4076,7213,3046,94,370,1463,7520,2713,165,816,513,9,NA,185,NA,30153,1891,AUG,NA,NA,NA,NA,NA,2016,2016-08-01,156473,24269,0.15510024093613595,11036,2,613
Chatham,631,7,1083,1904,636,58,83,584,2527,822,58,256,154,NA,NA,52,NA,8855,658,AUG,NA,NA,NA,NA,NA,2016,2016-08-01,73286,9185,0.1253308953961193,3943,1,25
Cherokee,592,5,1081,1313,589,28,56,664,1270,398,47,227,131,2,NA,4,NA,6407,279,AUG,NA,NA,NA,NA,NA,2016,2016-08-01,28591,5247,0.18351928928683853,1389,1,57
Chowan,362,4,620,749,337,7,24,302,669,188,16,91,41,NA,NA,7,NA,3417,139,AUG,NA,NA,NA,NA,NA,2016,2016-08-01,14410,3491,0.24226231783483693,945,1,89
Clay,228,4,330,380,191,15,31,115,475,152,11,91,32,2,NA,7,NA,2064,135,AUG,NA,NA,NA,NA,NA,2016,2016-08-01,11320,1731,0.15291519434628975,521,0,NA
Cleveland,1730,21,4484,7247,3394,80,238,1367,4922,1390,127,862,447,2,2,15,NA,26328,825,AUG,NA,NA,NA,NA,NA,2016,2016-08-01,98244,19866,0.20221082203493343,6749,2,288
Columbus,1478,15,3248,4781,1821,67,137,903,2953,812,76,435,202,1,NA,9,NA,16938,539,AUG,NA,NA,NA,NA,NA,2016,2016-08-01,57182,12443,0.21760344164247492,3935,1,154
Craven,1160,17,3039,4489,1961,28,216,1263,3906,1123,95,384,208,2,17,581,NA,18489,733,AUG,NA,NA,NA,NA,NA,2016,2016-08-01,103737,15205,0.1465725825886617,9726,1,350
Cumberland,3638,60,12352,22244,10634,547,771,6271,14357,3662,171,1024,501,10,3,171,1,76417,2443,AUG,NA,NA,NA,NA,NA,2016,2016-08-01,329824,55235,0.16746810420102842,35509,2,666
Currituck,154,2,451,643,287,30,38,154,679,176,19,47,49,NA,NA,5,NA,2734,172,AUG,NA,NA,NA,NA,NA,2016,2016-08-01,26101,2468,0.09455576414696755,1530,0,NA
Dare,226,2,535,1029,405,13,52,314,1267,541,18,95,63,5,NA,18,NA,4583,436,AUG,NA,NA,NA,NA,NA,2016,2016-08-01,36387,2885,0.07928655838623684,2237,1,21
Davidson,2099,26,4563,7936,3354,56,388,1320,7506,2321,197,948,540,8,1,48,NA,31311,1751,AUG,NA,NA,NA,NA,NA,2016,2016-08-01,166137,26221,0.15782757603664446,10825,2,240
Davie,427,2,857,1742,733,22,73,363,1468,487,38,168,107,1,NA,8,NA,6496,327,AUG,NA,NA,NA,NA,NA,2016,2016-08-01,42211,5735,0.13586505887091044,2401,1,50
Duplin,1026,9,1939,3441,1035,15,135,827,4039,1161,75,306,136,1,2,89,NA,14236,758,AUG,NA,NA,NA,NA,NA,2016,2016-08-01,59597,16106,0.27024850244139803,4755,1,101
Durham,2556,35,7622,12116,4248,166,428,3424,11982,3348,111,677,318,5,97,532,NA,47665,2654,AUG,NA,NA,NA,NA,NA,2016,2016-08-01,301520,48907,0.16220151233749006,26845,3,1330
Edgecombe,1426,14,3409,5628,2334,30,108,1058,2987,745,68,493,210,5,NA,4,NA,18519,496,AUG,NA,NA,NA,NA,NA,2016,2016-08-01,53502,13750,0.25699973832753914,4041,1,117
Forsyth,3737,100,10414,18357,6617,93,679,3789,18478,5013,229,1328,684,9,111,292,NA,69930,3150,AUG,NA,NA,NA,NA,NA,2016,2016-08-01,369144,69253,0.18760429534273887,28382,4,1878
Franklin,870,11,1857,3176,1167,32,137,1088,2970,938,69,310,174,2,NA,26,NA,12827,758,AUG,NA,NA,NA,NA,NA,2016,2016-08-01,65445,9967,0.15229582091832836,4245,0,NA
Gaston,3034,39,7580,12169,5656,148,455,2810,9435,2842,221,1320,715,11,4,117,NA,46556,1784,AUG,NA,NA,NA,NA,NA,2016,2016-08-01,215489,35812,0.1661894574665064,15799,1,435
Gates,187,2,358,511,187,NA,29,127,321,136,13,53,22,NA,NA,4,NA,1950,98,AUG,NA,NA,NA,NA,NA,2016,2016-08-01,11891,1391,0.11697922798755361,674,0,NA
Graham,242,1,353,484,191,12,22,95,613,90,11,73,49,NA,NA,NA,NA,2236,68,AUG,NA,NA,NA,NA,NA,2016,2016-08-01,8835,1650,0.1867572156196944,557,0,NA
Granville,759,8,1437,2332,981,28,125,853,2121,785,54,235,123,1,NA,21,NA,9863,632,AUG,NA,NA,NA,NA,NA,2016,2016-08-01,59433,9109,0.1532650211162149,3525,1,142
Greene,378,7,762,1215,380,19,45,263,1314,331,4,90,63,1,NA,4,NA,4876,284,AUG,NA,NA,NA,NA,NA,2016,2016-08-01,21421,4646,0.21688996778861863,1367,0,NA
Guilford,5878,86,14570,27861,9724,307,1011,6776,22404,5898,312,1924,1072,23,204,1408,NA,99458,3932,AUG,NA,NA,NA,NA,NA,2016,2016-08-01,520230,87165,0.1675508909520789,38193,4,1219
Halifax,1839,16,4025,3800,1412,7,144,956,2528,696,85,570,274,6,NA,12,NA,16370,477,AUG,NA,NA,NA,NA,NA,2016,2016-08-01,52160,13782,0.2642254601226994,3640,2,304
Harnett,1465,16,3384,6380,2614,81,253,1569,5740,1631,49,468,277,1,NA,85,NA,24013,1126,AUG,NA,NA,NA,NA,NA,2016,2016-08-01,128783,22461,0.17440966587204834,11425,2,151
Haywood,1089,12,2231,3091,1556,55,130,980,2422,707,99,389,234,4,NA,24,NA,13023,530,AUG,NA,NA,NA,NA,NA,2016,2016-08-01,61771,9851,0.15947612957536708,3527,1,169
Henderson,1336,5,2563,3502,1295,75,194,336,4755,1536,78,453,208,10,NA,82,NA,16428,1106,AUG,NA,NA,NA,NA,NA,2016,2016-08-01,114385,14559,0.12728067491366876,6692,2,325
Hertford,723,6,1300,1725,660,2,44,486,1091,249,31,204,109,NA,NA,10,NA,6640,185,AUG,NA,NA,NA,NA,NA,2016,2016-08-01,24038,5217,0.21703136700224646,1481,1,114
Hoke,627,7,1645,4252,1406,27,91,936,2515,526,36,206,111,2,NA,10,NA,12397,282,AUG,NA,NA,NA,NA,NA,2016,2016-08-01,52214,11545,0.22110928103573754,5908,2,49
Hyde,166,1,172,367,147,NA,8,47,175,48,5,43,23,NA,NA,NA,NA,1202,44,AUG,NA,NA,NA,NA,NA,2016,2016-08-01,5621,1108,0.19711795054260808,310,0,NA
Iredell,1530,20,3722,5981,2681,127,321,2004,6059,2161,118,629,431,1,NA,109,NA,25894,1617,AUG,NA,NA,NA,NA,NA,2016,2016-08-01,173391,22114,0.127538338206712,11266,3,500
Jackson,536,6,1025,1886,844,12,89,345,1493,485,47,199,93,4,NA,10,NA,7074,360,AUG,NA,NA,NA,NA,NA,2016,2016-08-01,42574,8646,0.20308169305209753,2454,1,86
Johnston,2170,32,4843,9484,3806,51,359,3196,9253,3107,181,792,432,5,12,257,NA,37980,2423,AUG,NA,NA,NA,NA,NA,2016,2016-08-01,189460,26272,0.13866779267391535,14074,1,177
Jones,285,3,433,460,197,4,17,88,400,131,4,77,39,2,NA,4,NA,2144,96,AUG,NA,NA,NA,NA,NA,2016,2016-08-01,10354,2285,0.22068765694417616,614,0,NA
Lee,799,9,1874,3368,1221,37,156,1046,3653,1085,46,286,160,NA,NA,98,NA,13838,835,AUG,NA,NA,NA,NA,NA,2016,2016-08-01,59244,10673,0.1801532644655999,4996,1,137
Lenoir,1381,24,3146,4325,1889,18,126,799,3414,900,72,394,211,1,NA,11,NA,16711,605,AUG,NA,NA,NA,NA,NA,2016,2016-08-01,57587,12614,0.21904249222914893,4136,1,261
Lincoln,905,7,1990,3404,1622,25,150,915,2950,963,63,395,231,7,NA,88,NA,13715,726,AUG,NA,NA,NA,NA,NA,2016,2016-08-01,82033,11907,0.14514890349005888,4893,1,101
Macon,550,5,1042,1348,625,6,69,266,1727,528,45,223,107,1,NA,15,NA,6557,409,AUG,NA,NA,NA,NA,NA,2016,2016-08-01,35047,6183,0.1764202356835107,2099,2,167
Madison,584,6,832,952,520,33,32,176,831,323,22,139,90,2,NA,2,NA,4544,212,AUG,NA,NA,NA,NA,NA,2016,2016-08-01,21979,3337,0.1518267437099049,1221,0,NA
Martin,614,15,1185,1516,600,56,54,400,1038,296,40,184,71,1,NA,5,NA,6075,218,AUG,NA,NA,NA,NA,NA,2016,2016-08-01,23606,4721,0.19999152757773447,1526,1,49
Mcdowell,788,7,1677,2548,1163,77,106,506,2119,652,66,391,222,4,NA,3,NA,10329,476,AUG,NA,NA,NA,NA,NA,2016,2016-08-01,NA,NA,NA,NA,0,NA
Mecklenburg,9634,148,22052,53644,19377,358,1490,20668,41029,11298,425,2596,1460,40,183,3616,NA,188018,6754,AUG,NA,NA,NA,NA,NA,2016,2016-08-01,1053545,141024,0.13385664589552415,88521,8,2279
Mitchell,345,5,546,727,316,41,27,164,569,203,46,165,89,1,NA,10,NA,3254,186,AUG,NA,NA,NA,NA,NA,2016,2016-08-01,15266,2688,0.17607755797196384,889,1,46
Montgomery,554,6,966,1498,590,10,59,444,1750,549,45,247,115,1,NA,18,NA,6852,450,AUG,NA,NA,NA,NA,NA,2016,2016-08-01,27768,5821,0.20962978968596946,2008,1,37
Moore,1103,12,2163,3201,1441,21,145,781,3345,968,85,378,189,1,1,23,1,13858,706,AUG,NA,NA,NA,NA,NA,2016,2016-08-01,96102,13478,0.14024682108592954,6281,1,372
Nash,1764,22,4010,5909,2476,19,205,1827,4445,1352,40,605,294,14,1,34,NA,23017,1016,AUG,NA,NA,NA,NA,NA,2016,2016-08-01,94421,16057,0.17005750839325998,6783,1,353
New Hanover,2046,27,5785,8135,3506,254,313,2070,6703,1907,121,706,408,6,59,102,NA,32148,1173,AUG,NA,NA,NA,NA,NA,2016,2016-08-01,223608,37167,0.16621498336374368,14110,1,769
Northampton,686,8,1296,1552,678,8,30,501,833,205,20,196,87,NA,NA,5,NA,6105,139,AUG,NA,NA,NA,NA,NA,2016,2016-08-01,20788,5616,0.27015585914950935,1162,0,NA
Onslow,1336,28,4169,7749,4055,238,363,2693,6446,1589,107,417,259,5,NA,109,NA,29563,952,AUG,NA,NA,NA,NA,NA,2016,2016-08-01,193914,23890,0.12319894386171189,26847,1,162
Orange,934,12,2257,3122,1268,39,89,1096,3237,1108,63,272,146,NA,16,622,NA,14281,939,AUG,NA,NA,NA,NA,NA,2016,2016-08-01,140853,18713,0.13285482027361858,7703,1,778
Pamlico,230,1,367,740,322,10,19,112,377,125,7,71,22,2,NA,1,NA,2406,95,AUG,NA,NA,NA,NA,NA,2016,2016-08-01,13336,1773,0.13294841031793642,567,0,NA
Pasquotank,606,9,1448,2096,936,7,93,820,2013,512,45,195,100,6,NA,12,NA,8898,366,AUG,NA,NA,NA,NA,NA,2016,2016-08-01,40284,6521,0.16187568265316254,3114,1,182
Pender,790,6,1643,2717,1361,21,71,1174,2540,698,41,286,158,1,NA,18,NA,11525,519,AUG,NA,NA,NA,NA,NA,2016,2016-08-01,59459,10304,0.17329588455910797,3808,1,86
Perquimans,231,2,474,638,267,NA,28,177,493,158,20,82,68,NA,NA,NA,NA,2638,128,AUG,NA,NA,NA,NA,NA,2016,2016-08-01,13561,2208,0.16281985104343338,799,0,NA
Person,716,3,1317,2244,903,38,80,536,1419,510,59,290,146,3,NA,27,NA,8291,380,AUG,NA,NA,NA,NA,NA,2016,2016-08-01,39728,7127,0.17939488521949254,2577,1,110
Pitt,2247,41,6899,9012,3450,108,321,2267,7077,2044,121,629,335,7,5,68,NA,34631,1336,AUG,NA,NA,NA,NA,NA,2016,2016-08-01,175885,41412,0.23544929925803793,13332,1,909
Polk,291,5,502,666,280,17,35,125,651,217,17,87,60,3,NA,11,NA,2967,164,AUG,NA,NA,NA,NA,NA,2016,2016-08-01,21030,2902,0.13799334284355683,870,1,55
Randolph,1907,23,4257,7771,3080,30,340,1296,7306,2514,191,896,546,5,11,171,NA,30344,1794,AUG,NA,NA,NA,NA,NA,2016,2016-08-01,143711,23757,0.16531093653234616,10015,1,145
Richmond,945,9,2637,3948,1760,16,129,1071,2801,670,65,480,235,1,NA,26,NA,14793,466,AUG,NA,NA,NA,NA,NA,2016,2016-08-01,44912,11443,0.2547871392946206,3426,1,99
Robeson,3285,39,8112,13596,5646,101,346,3034,9182,2144,171,935,524,3,NA,31,1,47150,1431,AUG,NA,NA,NA,NA,NA,2016,2016-08-01,132657,40313,0.3038889768349955,11709,1,452
Rockingham,1706,18,3811,5339,2228,69,203,627,4106,1165,167,720,462,2,NA,25,NA,20648,819,AUG,NA,NA,NA,NA,NA,2016,2016-08-01,91891,17517,0.1906280266837884,5835,2,339
Rowan,1736,28,4401,8155,3540,67,258,1829,6646,2031,129,728,458,4,NA,66,NA,30076,1211,AUG,NA,NA,NA,NA,NA,2016,2016-08-01,140970,24142,0.1712562956657445,9761,1,268
Rutherford,1142,7,2702,3839,1769,53,170,1050,3199,965,93,469,316,6,NA,18,NA,15798,712,AUG,NA,NA,NA,NA,NA,2016,2016-08-01,67703,12668,0.18711135400203832,4257,1,143
Sampson,1374,15,2316,4546,1423,45,171,1328,4197,1165,88,426,220,NA,NA,42,NA,17356,919,AUG,NA,NA,NA,NA,NA,2016,2016-08-01,63499,15207,0.23948408636356477,5295,1,146
Scotland,740,9,2156,3627,1563,4,106,751,1996,430,54,297,188,NA,NA,10,NA,11931,303,AUG,NA,NA,NA,NA,NA,2016,2016-08-01,35789,10480,0.2928274050685965,2849,1,104
Stanly,844,10,1779,2616,1186,12,158,852,2752,814,62,356,230,1,NA,24,NA,11696,649,AUG,NA,NA,NA,NA,NA,2016,2016-08-01,61751,10047,0.16270181859403088,4149,0,NA
Stokes,673,6,1247,1876,847,37,91,316,1598,542,51,301,163,1,NA,5,NA,7754,407,AUG,NA,NA,NA,NA,NA,2016,2016-08-01,46751,7052,0.15084169322581334,2511,1,93
Surry,1406,10,2630,3467,1436,23,185,622,3829,1158,154,661,360,3,NA,54,NA,15998,849,AUG,NA,NA,NA,NA,NA,2016,2016-08-01,72843,12801,0.1757341130925415,4765,2,353
Swain,352,1,610,1182,493,61,32,131,722,236,18,101,48,NA,NA,1,NA,3988,177,AUG,NA,NA,NA,NA,NA,2016,2016-08-01,14852,3277,0.2206436843522758,1239,1,48
Transylvania,389,3,869,1437,653,24,62,294,1323,368,38,154,99,2,NA,4,NA,5719,338,AUG,NA,NA,NA,NA,NA,2016,2016-08-01,34139,4598,0.13468467149008465,1690,1,92
Tyrrell,120,NA,144,162,46,NA,14,58,209,63,6,35,14,NA,NA,7,NA,878,66,AUG,NA,NA,NA,NA,NA,2016,2016-08-01,4136,905,0.21881044487427467,266,0,NA
Union,1410,15,3076,7010,2631,41,320,2078,7902,2878,96,441,275,11,4,271,NA,28459,2189,AUG,NA,NA,NA,NA,NA,2016,2016-08-01,223915,20772,0.09276734475135655,14854,1,182
Vance,1120,7,2974,4163,1731,7,124,1117,3057,740,71,412,254,3,NA,8,1,15789,575,AUG,NA,NA,NA,NA,NA,2016,2016-08-01,44945,11177,0.24868172210479475,3550,1,102
Wake,6260,137,14878,29979,10397,324,1100,10946,32094,10295,330,1411,769,11,75,2450,NA,121456,7088,AUG,NA,NA,NA,NA,NA,2016,2016-08-01,1026748,105133,0.10239416098205208,78745,5,1574
Warren,622,8,1074,1300,433,2,58,184,884,302,24,198,97,NA,NA,5,NA,5191,222,AUG,NA,NA,NA,NA,NA,2016,2016-08-01,20121,4662,0.23169822573430743,1156,0,NA
Washington,326,5,712,1015,431,1,23,284,615,173,20,74,45,NA,NA,1,NA,3725,120,AUG,NA,NA,NA,NA,NA,2016,2016-08-01,12425,2916,0.2346881287726358,800,1,49
Watauga,411,8,702,738,287,45,57,242,1134,377,22,146,76,2,NA,6,NA,4253,356,AUG,NA,NA,NA,NA,NA,2016,2016-08-01,54992,14797,0.2690755018911842,2217,1,117
Wayne,1859,36,5097,8635,3194,77,290,2187,7019,1882,97,686,332,3,8,107,1,31510,987,AUG,NA,NA,NA,NA,NA,2016,2016-08-01,124808,26475,0.21212582526761106,10606,1,316
Wilkes,1230,14,2534,3286,1339,212,151,239,3304,1067,104,565,283,2,NA,38,NA,14368,871,AUG,NA,NA,NA,NA,NA,2016,2016-08-01,70027,14278,0.203892784211804,4272,1,144
Wilson,1574,19,3620,5052,2235,28,179,1299,4951,1302,79,463,239,6,NA,48,NA,21094,985,AUG,NA,NA,NA,NA,NA,2016,2016-08-01,81758,18043,0.22068788375449497,6028,1,294
Yadkin,609,5,1026,1593,651,17,66,331,1785,593,42,213,147,1,NA,12,NA,7091,368,AUG,NA,NA,NA,NA,NA,2016,2016-08-01,37725,7112,0.1885222001325381,2441,0,NA
Yancey,419,2,628,774,338,12,31,170,873,252,36,146,73,NA,NA,6,NA,3760,214,AUG,NA,NA,NA,NA,NA,2016,2016-08-01,18142,3713,0.20466321243523317,1068,0,NA
Alamance,2006,19,4205,4602,2663,76,266,1021,10513,1574,135,748,459,4,1,82,NA,28374,1150,AUG,NA,NA,7,NA,NA,2015,2015-08-01,159054,28123,0.17681416374313128,11084,1,238
Alexander,481,5,881,1267,703,32,70,200,1810,582,55,244,152,NA,NA,7,NA,6489,439,AUG,NA,NA,1,NA,NA,2015,2015-08-01,38284,6240,0.16299237279281162,2215,0,NA
Alleghany,217,3,416,459,222,5,18,55,669,146,13,103,38,NA,NA,4,NA,2368,130,AUG,NA,NA,3,NA,NA,2015,2015-08-01,11202,2089,0.18648455632922692,592,1,41
Anson,539,10,1306,1599,692,6,52,346,1543,316,35,289,125,NA,NA,4,NA,6862,175,AUG,NA,NA,NA,NA,NA,2015,2015-08-01,25628,5484,0.21398470422974872,1598,1,15
Ashe,646,7,892,866,566,21,40,114,1272,397,67,235,113,1,NA,9,NA,5246,346,AUG,NA,NA,7,NA,NA,2015,2015-08-01,27344,5290,0.19346108835576362,1474,1,76
Avery,359,2,456,467,242,17,34,53,845,229,34,137,56,NA,NA,NA,NA,2931,216,AUG,NA,NA,NA,NA,NA,2015,2015-08-01,18098,2509,0.13863410321582495,902,1,50
Beaufort,960,11,2190,2125,1148,25,93,195,2850,619,52,333,178,2,NA,8,NA,10789,462,AUG,NA,NA,2,NA,NA,2015,2015-08-01,47610,8215,0.172547784078975,3048,1,142
Bertie,666,11,1287,1107,496,1,41,232,1019,253,66,250,108,NA,NA,10,NA,5547,168,AUG,NA,NA,3,NA,NA,2015,2015-08-01,19847,3992,0.2011387111402227,1144,1,6
Bladen,883,8,1780,1979,977,14,94,306,1896,471,66,301,146,NA,NA,6,NA,8927,348,AUG,NA,NA,NA,NA,NA,2015,2015-08-01,34667,9549,0.2754492745262065,2233,1,58
Brunswick,1204,27,3116,4475,2549,38,182,1208,5594,1217,109,512,288,5,NA,24,NA,20548,844,AUG,NA,NA,4,NA,NA,2015,2015-08-01,127750,17992,0.14083757338551858,6505,2,174
Buncombe,3293,42,7576,8636,4484,143,433,1789,11006,3091,348,1211,698,30,6,298,NA,43084,2493,AUG,NA,NA,22,NA,NA,2015,2015-08-01,258406,35996,0.13930017104865985,16242,1,730
Burke,1191,28,2725,4307,2222,57,204,479,5006,1148,125,568,264,2,2,32,NA,18360,793,AUG,NA,NA,5,NA,NA,2015,2015-08-01,89814,17135,0.19078317411539403,5448,1,315
Cabarrus,1553,20,3822,6885,3203,47,338,1689,9747,2622,160,677,372,2,NA,195,NA,31332,1902,AUG,NA,NA,NA,NA,NA,2015,2015-08-01,200663,22324,0.1112512022644932,14680,1,447
Caldwell,1219,13,2578,4623,2079,111,191,849,4166,1032,159,717,402,5,NA,21,NA,18165,747,AUG,NA,NA,8,NA,NA,2015,2015-08-01,82793,14137,0.17075115045957992,5034,1,110
Camden,79,3,179,216,123,1,11,74,285,72,10,23,17,1,NA,4,NA,1098,88,AUG,NA,NA,NA,NA,NA,2015,2015-08-01,10287,1060,0.10304267522115292,565,0,NA
Carteret,758,5,1800,2242,1222,42,105,672,2463,668,101,320,180,2,NA,25,NA,10605,514,AUG,NA,NA,NA,NA,NA,2015,2015-08-01,69881,8869,0.1269157567865371,3827,1,135
Caswell,545,7,883,1203,614,2,32,321,1176,251,47,187,91,1,NA,4,NA,5364,168,AUG,NA,NA,NA,NA,NA,2015,2015-08-01,23689,4888,0.20634049558866985,1289,0,NA
Catawba,1879,22,3953,5987,3100,111,405,744,8363,2445,180,801,464,7,NA,188,NA,28649,1697,AUG,NA,NA,6,NA,NA,2015,2015-08-01,156473,24269,0.15510024093613595,11036,2,613
Chatham,620,5,1009,1548,659,48,69,426,3050,733,58,270,148,NA,NA,40,NA,8683,561,AUG,NA,NA,NA,NA,NA,2015,2015-08-01,73286,9185,0.1253308953961193,3943,1,25
Cherokee,611,5,1083,1047,607,31,66,137,1443,325,74,229,129,2,NA,5,NA,5794,291,AUG,NA,NA,6,NA,NA,2015,2015-08-01,28591,5247,0.18351928928683853,1389,1,57
Chowan,329,5,631,715,362,8,27,240,786,181,28,86,42,NA,NA,8,NA,3448,134,AUG,NA,NA,NA,NA,NA,2015,2015-08-01,14410,3491,0.24226231783483693,945,1,89
Clay,222,4,346,337,188,7,23,26,484,144,14,90,36,NA,NA,5,NA,1926,112,AUG,NA,NA,NA,NA,NA,2015,2015-08-01,11320,1731,0.15291519434628975,521,0,NA
Cleveland,1678,21,4456,6072,3119,57,265,656,5506,1155,149,863,454,4,5,31,NA,24491,742,AUG,NA,NA,2,NA,NA,2015,2015-08-01,98244,19866,0.20221082203493343,6749,2,288
Columbus,1498,15,3339,3800,1904,62,150,539,3837,779,111,455,202,1,NA,17,NA,16709,480,AUG,NA,NA,NA,NA,NA,2015,2015-08-01,57182,12443,0.21760344164247492,3935,1,154
Craven,1150,20,3058,3768,2009,26,190,682,4522,1065,100,379,193,2,42,455,NA,17661,692,AUG,NA,NA,8,NA,NA,2015,2015-08-01,103737,15205,0.1465725825886617,9726,1,350
Cumberland,3454,62,11770,17757,10053,534,663,4294,17050,3428,242,888,473,12,3,166,NA,70849,2154,AUG,NA,NA,4,NA,NA,2015,2015-08-01,329824,55235,0.16746810420102842,35509,2,666
Currituck,141,4,468,563,315,36,28,112,802,220,15,60,41,3,NA,10,NA,2818,142,AUG,NA,NA,4,NA,NA,2015,2015-08-01,26101,2468,0.09455576414696755,1530,0,NA
Dare,217,2,540,775,395,22,68,167,1566,488,27,86,57,1,NA,26,NA,4437,421,AUG,NA,NA,1,NA,NA,2015,2015-08-01,36387,2885,0.07928655838623684,2237,1,21
Davidson,2021,29,4437,6099,3278,38,382,597,8314,2128,208,936,519,11,NA,46,NA,29043,1456,AUG,NA,NA,2,NA,NA,2015,2015-08-01,166137,26221,0.15782757603664446,10825,2,240
Davie,367,2,799,1332,676,31,58,234,1852,441,37,161,105,3,NA,10,NA,6108,359,AUG,NA,NA,1,NA,NA,2015,2015-08-01,42211,5735,0.13586505887091044,2401,1,50
Duplin,1085,10,2006,2662,1068,9,138,383,4837,1036,86,305,136,NA,NA,89,NA,13850,671,AUG,NA,NA,3,NA,NA,2015,2015-08-01,59597,16106,0.27024850244139803,4755,1,101
Durham,2333,42,7254,7521,3872,109,427,2072,14901,2819,140,721,308,NA,29,454,NA,43002,2416,AUG,NA,NA,7,NA,NA,2015,2015-08-01,301520,48907,0.16220151233749006,26845,3,1330
Edgecombe,1435,17,3376,5e3,2227,31,122,752,3837,746,76,478,161,3,NA,13,NA,18274,477,AUG,NA,NA,NA,NA,NA,2015,2015-08-01,53502,13750,0.25699973832753914,4041,1,117
Forsyth,3623,103,10152,14252,6241,69,588,2185,21547,4052,294,1284,649,9,7,271,NA,65326,2788,AUG,NA,NA,5,NA,NA,2015,2015-08-01,369144,69253,0.18760429534273887,28382,4,1878
Franklin,890,12,1831,3064,1234,30,114,571,3269,814,90,334,181,3,NA,22,NA,12459,662,AUG,NA,NA,NA,NA,NA,2015,2015-08-01,65445,9967,0.15229582091832836,4245,0,NA
Gaston,2904,45,7426,9526,5574,107,433,1739,10698,2445,281,1290,612,13,2,81,NA,43176,1588,AUG,NA,NA,4,NA,NA,2015,2015-08-01,215489,35812,0.1661894574665064,15799,1,435
Gates,181,2,349,465,204,NA,20,101,397,123,14,54,27,NA,NA,1,NA,1938,103,AUG,NA,NA,NA,NA,NA,2015,2015-08-01,11891,1391,0.11697922798755361,674,0,NA
Graham,246,2,347,212,176,6,27,37,933,80,20,73,41,NA,NA,NA,NA,2200,68,AUG,NA,NA,NA,NA,NA,2015,2015-08-01,8835,1650,0.1867572156196944,557,0,NA
Granville,778,9,1387,1819,1040,26,102,382,2875,739,56,244,131,2,NA,24,NA,9614,499,AUG,NA,NA,NA,NA,NA,2015,2015-08-01,59433,9109,0.1532650211162149,3525,1,142
Greene,375,6,762,867,327,21,49,107,1351,330,19,101,58,NA,NA,3,NA,4376,224,AUG,NA,NA,NA,NA,NA,2015,2015-08-01,21421,4646,0.21688996778861863,1367,0,NA
Guilford,5597,92,14165,22619,9554,239,944,4189,28194,5482,410,1908,1034,18,96,1104,1,95646,3881,AUG,NA,NA,12,NA,NA,2015,2015-08-01,520230,87165,0.1675508909520789,38193,4,1219
Halifax,1787,17,4e3,3205,1421,12,128,623,2835,613,133,532,247,8,NA,18,NA,15579,437,AUG,NA,NA,2,NA,NA,2015,2015-08-01,52160,13782,0.2642254601226994,3640,2,304
Harnett,1398,17,3168,4470,2510,87,236,711,6617,1351,71,440,238,1,1,77,1,21394,875,AUG,NA,NA,NA,NA,NA,2015,2015-08-01,128783,22461,0.17440966587204834,11425,2,151
Haywood,1073,15,2135,2534,1481,57,126,628,3028,640,106,353,204,3,NA,32,NA,12415,470,AUG,NA,NA,NA,NA,NA,2015,2015-08-01,61771,9851,0.15947612957536708,3527,1,169
Henderson,1310,5,2538,2937,1372,91,165,172,5150,1503,108,474,213,13,NA,78,NA,16129,1046,AUG,NA,NA,13,NA,NA,2015,2015-08-01,114385,14559,0.12728067491366876,6692,2,325
Hertford,742,7,1287,1333,610,2,55,351,1419,242,65,201,93,3,NA,4,NA,6414,133,AUG,NA,NA,NA,NA,NA,2015,2015-08-01,24038,5217,0.21703136700224646,1481,1,114
Hoke,618,6,1554,3303,1380,37,101,663,3372,456,66,192,91,1,NA,9,NA,11849,274,AUG,NA,NA,NA,NA,NA,2015,2015-08-01,52214,11545,0.22110928103573754,5908,2,49
Hyde,179,1,180,422,153,NA,5,35,224,48,11,44,17,NA,NA,NA,NA,1319,45,AUG,NA,NA,NA,NA,NA,2015,2015-08-01,5621,1108,0.19711795054260808,310,0,NA
Iredell,1465,23,3554,4729,2575,151,299,1328,6948,1980,152,654,399,1,NA,94,NA,24352,1501,AUG,NA,NA,4,NA,NA,2015,2015-08-01,173391,22114,0.127538338206712,11266,3,500
Jackson,534,7,994,1348,769,13,81,208,1872,446,53,204,90,2,NA,9,NA,6630,363,AUG,NA,NA,2,NA,NA,2015,2015-08-01,42574,8646,0.20308169305209753,2454,1,86
Johnston,2167,32,4727,6303,3913,36,340,1791,12525,2740,214,820,435,8,2,231,1,36285,1785,AUG,NA,NA,NA,NA,NA,2015,2015-08-01,189460,26272,0.13866779267391535,14074,1,177
Jones,266,3,413,286,183,NA,15,56,551,145,11,81,44,1,NA,5,NA,2060,74,AUG,NA,NA,NA,NA,NA,2015,2015-08-01,10354,2285,0.22068765694417616,614,0,NA
Lee,783,8,1845,3051,1232,30,136,601,3987,1039,54,301,164,NA,NA,70,NA,13301,763,AUG,NA,NA,1,NA,NA,2015,2015-08-01,59244,10673,0.1801532644655999,4996,1,137
Lenoir,1397,24,3045,3451,1754,19,135,559,4277,858,146,446,172,1,NA,21,NA,16305,544,AUG,NA,NA,NA,NA,NA,2015,2015-08-01,57587,12614,0.21904249222914893,4136,1,261
Lincoln,915,9,2008,3223,1539,26,149,309,3225,1022,85,403,235,1,NA,71,NA,13220,712,AUG,NA,NA,NA,NA,NA,2015,2015-08-01,82033,11907,0.14514890349005888,4893,1,101
Macon,546,6,1018,1175,685,16,69,158,2046,495,52,220,110,1,NA,17,NA,6614,405,AUG,NA,NA,NA,NA,NA,2015,2015-08-01,35047,6183,0.1764202356835107,2099,2,167
Madison,596,6,826,783,507,34,57,51,992,249,46,132,78,1,NA,5,NA,4363,222,AUG,NA,NA,1,NA,NA,2015,2015-08-01,21979,3337,0.1518267437099049,1221,0,NA
Martin,625,16,1166,1062,630,38,49,250,1390,233,53,179,65,NA,NA,7,NA,5763,177,AUG,NA,NA,NA,NA,NA,2015,2015-08-01,23606,4721,0.19999152757773447,1526,1,49
Mcdowell,763,10,1652,1872,1200,32,116,264,2605,575,104,398,200,1,NA,14,NA,9806,410,AUG,NA,NA,NA,NA,NA,2015,2015-08-01,NA,NA,NA,NA,0,NA
Mecklenburg,8976,145,21256,32511,19687,357,1288,13800,74354,7722,554,2468,1261,33,166,3910,1,188489,4176,AUG,NA,NA,5,NA,NA,2015,2015-08-01,1053545,141024,0.13385664589552415,88521,8,2279
Mitchell,386,5,516,611,328,25,26,89,676,195,52,162,74,1,NA,8,NA,3154,148,AUG,NA,NA,NA,NA,NA,2015,2015-08-01,15266,2688,0.17607755797196384,889,1,46
Montgomery,551,6,914,1282,559,13,67,278,1695,496,71,260,114,NA,NA,18,NA,6324,427,AUG,NA,NA,6,NA,NA,2015,2015-08-01,27768,5821,0.20962978968596946,2008,1,37
Moore,1063,12,2142,2503,1342,11,131,458,3855,855,98,383,188,1,1,27,NA,13070,612,AUG,NA,NA,NA,NA,NA,2015,2015-08-01,96102,13478,0.14024682108592954,6281,1,372
Nash,1726,20,4021,4390,2303,16,195,1087,5229,1218,76,610,292,12,1,37,NA,21233,849,AUG,NA,NA,5,NA,NA,2015,2015-08-01,94421,16057,0.17005750839325998,6783,1,353
New Hanover,1986,32,5683,8169,3580,221,316,1519,7200,1818,140,713,399,4,13,146,NA,31939,1261,AUG,NA,NA,1,NA,NA,2015,2015-08-01,223608,37167,0.16621498336374368,14110,1,769
Northampton,693,8,1311,1266,654,9,32,367,1131,194,37,202,93,NA,NA,4,NA,6001,125,AUG,NA,NA,NA,NA,NA,2015,2015-08-01,20788,5616,0.27015585914950935,1162,0,NA
Onslow,1239,26,3915,6196,3648,181,389,1671,7002,1476,126,397,203,1,1,113,NA,26584,976,AUG,NA,NA,4,NA,NA,2015,2015-08-01,193914,23890,0.12319894386171189,26847,1,162
Orange,892,16,2183,2730,1218,35,110,660,3555,998,62,272,119,1,12,503,NA,13366,940,AUG,NA,NA,1,NA,NA,2015,2015-08-01,140853,18713,0.13285482027361858,7703,1,778
Pamlico,230,1,340,336,292,19,13,53,714,144,14,56,17,NA,NA,2,NA,2231,96,AUG,NA,NA,NA,NA,NA,2015,2015-08-01,13336,1773,0.13294841031793642,567,0,NA
Pasquotank,606,9,1423,1649,926,9,79,601,2269,499,57,191,95,2,NA,23,NA,8438,333,AUG,NA,NA,4,NA,NA,2015,2015-08-01,40284,6521,0.16187568265316254,3114,1,182
Pender,759,6,1607,2198,1297,18,70,786,3049,530,56,308,159,1,NA,19,NA,10863,454,AUG,NA,NA,2,NA,NA,2015,2015-08-01,59459,10304,0.17329588455910797,3808,1,86
Perquimans,239,3,448,599,275,1,24,140,541,154,23,87,61,NA,NA,4,NA,2599,112,AUG,NA,NA,NA,NA,NA,2015,2015-08-01,13561,2208,0.16281985104343338,799,0,NA
Person,749,5,1294,1823,918,32,100,359,1797,523,71,289,142,5,NA,27,NA,8134,394,AUG,NA,NA,NA,NA,NA,2015,2015-08-01,39728,7127,0.17939488521949254,2577,1,110
Pitt,2186,39,6710,6625,3107,89,300,1118,8606,1881,167,615,291,3,NA,77,NA,31814,1125,AUG,NA,NA,2,NA,NA,2015,2015-08-01,175885,41412,0.23544929925803793,13332,1,909
Polk,291,4,470,506,249,21,31,104,687,241,16,84,57,2,NA,16,NA,2779,159,AUG,NA,NA,NA,NA,NA,2015,2015-08-01,21030,2902,0.13799334284355683,870,1,55
Randolph,1804,24,4314,4302,2993,42,298,609,11668,2092,217,879,475,4,6,108,NA,29835,1466,AUG,NA,NA,6,NA,NA,2015,2015-08-01,143711,23757,0.16531093653234616,10015,1,145
Richmond,913,10,2639,3027,1697,9,117,536,3396,611,87,458,221,1,NA,19,1,13742,416,AUG,NA,NA,3,NA,NA,2015,2015-08-01,44912,11443,0.2547871392946206,3426,1,99
Robeson,3297,39,8085,11528,5520,75,317,1823,10879,2111,227,1036,539,4,NA,30,NA,45510,1380,AUG,NA,NA,NA,NA,NA,2015,2015-08-01,132657,40313,0.3038889768349955,11709,1,452
Rockingham,1677,16,3740,3897,2168,52,179,355,5386,1116,179,704,458,4,NA,30,NA,19961,751,AUG,NA,NA,NA,NA,NA,2015,2015-08-01,91891,17517,0.1906280266837884,5835,2,339
Rowan,1637,31,4172,6216,2975,50,254,1002,6679,1611,148,692,410,1,NA,66,NA,25944,938,AUG,NA,NA,2,NA,NA,2015,2015-08-01,140970,24142,0.1712562956657445,9761,1,268
Rutherford,1122,10,2716,3560,1875,34,169,863,3902,871,127,493,305,4,NA,19,NA,16070,576,AUG,NA,NA,4,NA,NA,2015,2015-08-01,67703,12668,0.18711135400203832,4257,1,143
Sampson,1395,14,2332,2481,1333,32,125,1023,5866,1015,117,413,214,1,NA,47,NA,16408,760,AUG,NA,NA,6,NA,NA,2015,2015-08-01,63499,15207,0.23948408636356477,5295,1,146
Scotland,707,9,2128,2980,1364,3,80,374,1931,422,86,302,162,NA,NA,13,NA,10561,309,AUG,NA,NA,NA,NA,NA,2015,2015-08-01,35789,10480,0.2928274050685965,2849,1,104
Stanly,833,8,1816,2050,1279,12,138,533,3110,777,85,356,212,1,NA,23,NA,11233,594,AUG,NA,NA,2,NA,NA,2015,2015-08-01,61751,10047,0.16270181859403088,4149,0,NA
Stokes,654,6,1207,1458,877,26,73,226,2111,542,60,289,253,2,NA,6,NA,7790,411,AUG,NA,NA,NA,NA,NA,2015,2015-08-01,46751,7052,0.15084169322581334,2511,1,93
Surry,1417,9,2635,3113,1422,12,160,298,4404,1193,188,688,347,1,NA,52,NA,15939,743,AUG,NA,NA,4,NA,NA,2015,2015-08-01,72843,12801,0.1757341130925415,4765,2,353
Swain,332,NA,601,404,283,42,60,65,1262,187,39,115,47,NA,NA,4,NA,3441,175,AUG,NA,NA,NA,NA,NA,2015,2015-08-01,14852,3277,0.2206436843522758,1239,1,48
Transylvania,393,3,858,1119,666,28,64,104,1532,385,37,159,88,6,NA,5,NA,5447,242,AUG,NA,NA,3,NA,NA,2015,2015-08-01,34139,4598,0.13468467149008465,1690,1,92
Tyrrell,126,1,135,127,53,NA,10,20,251,51,11,38,15,NA,NA,4,NA,842,57,AUG,NA,NA,NA,NA,NA,2015,2015-08-01,4136,905,0.21881044487427467,266,0,NA
Union,1369,14,2985,5549,2432,47,289,1074,8467,2565,114,437,274,9,1,163,NA,25789,1941,AUG,NA,NA,11,NA,NA,2015,2015-08-01,223915,20772,0.09276734475135655,14854,1,182
Vance,1121,8,2903,3356,1657,20,123,517,3312,749,75,430,235,4,1,27,NA,14538,464,AUG,NA,NA,NA,NA,NA,2015,2015-08-01,44945,11177,0.24868172210479475,3550,1,102
Wake,5901,159,14487,21897,9739,375,960,6417,39139,9841,398,1383,669,8,100,1717,3,113193,5989,AUG,NA,NA,3,NA,NA,2015,2015-08-01,1026748,105133,0.10239416098205208,78745,5,1574
Warren,655,7,1124,989,455,1,56,149,1162,273,21,237,105,1,NA,5,NA,5240,180,AUG,NA,NA,1,NA,NA,2015,2015-08-01,20121,4662,0.23169822573430743,1156,0,NA
Washington,302,7,680,712,415,NA,26,203,799,154,23,77,46,1,NA,3,NA,3448,113,AUG,NA,NA,NA,NA,NA,2015,2015-08-01,12425,2916,0.2346881287726358,800,1,49
Watauga,383,9,709,632,316,47,57,125,1365,367,32,138,62,4,NA,8,NA,4254,356,AUG,NA,NA,NA,NA,NA,2015,2015-08-01,54992,14797,0.2690755018911842,2217,1,117
Wayne,1817,36,4985,7049,3036,41,282,1426,8499,1708,127,704,293,1,4,127,NA,30135,958,AUG,NA,NA,8,NA,NA,2015,2015-08-01,124808,26475,0.21212582526761106,10606,1,316
Wilkes,1257,19,2454,2894,1361,217,141,134,3630,1110,135,554,276,2,NA,31,NA,14215,782,AUG,NA,NA,4,NA,NA,2015,2015-08-01,70027,14278,0.203892784211804,4272,1,144
Wilson,1541,16,3495,3594,2112,28,149,684,5827,1137,80,454,208,4,NA,32,NA,19361,807,AUG,NA,NA,3,NA,NA,2015,2015-08-01,81758,18043,0.22068788375449497,6028,1,294
Yadkin,601,6,1019,1352,634,19,65,136,1820,499,59,229,150,1,NA,14,NA,6604,304,AUG,NA,NA,1,NA,NA,2015,2015-08-01,37725,7112,0.1885222001325381,2441,0,NA
Yancey,403,4,608,517,300,14,42,68,1148,191,39,139,54,NA,NA,3,NA,3530,177,AUG,NA,NA,NA,NA,NA,2015,2015-08-01,18142,3713,0.20466321243523317,1068,0,NA
